project,year,grants
"11, rue des Deux communes 93558 Montreuil Cedex  France",2021,613405
2nd International Cruise Ship Meeting 2022,2022,18433.71
ABS/01 JO Hammer 2011,2011,365131.72
ABS/02 HUBBLE 2011,2011,222256.95
ABS/03 Focal Points,2014,461548.95
ABS/03 Focal Points,2015,636479
ABS/03 Focal Points 2017 Air,2017,1072903
ABS/03 Focal Points Air,2016,741457
ABS/03 JO Focal Points 2012,2012,1398312.53
ABS/03 JO Focal Points 2012,2013,567
ABS/03 JO Focal Points 2013 Air,2013,1048501.22
ABS/03 JO Meteor 2011,2011,46846.340000000004
ABS/04 Focal Points,2014,139435.42
ABS/04 Focal Points Air IM,2016,234496
ABS/04 Focal Points Intermediate Managers,2015,196376
ABS/04 Focal Points Intermediate Menagers,2015,3974
ABS/04 JO Focal Points 2017 Air Intermediate Managers,2017,202892
ABS/04 MIZAR 2011,2011,254457.49
ABS/04 PP Flexi Force - Hubble module,2012,638874.84
ABS/05 Hubble 2011,2011,221944.97
ABS/05 JO Pegasus,2014,65441.2
ABS/05 JO Pegasus,2015,54387
ABS/05 JO Pegasus,2016,36702
ABS/05 JO Pegasus,2017,18522
ABS/06 Alexis,2014,615259.09
ABS/06 Alexis,2016,745448
ABS/06 JO Alexis,2017,764985
ABS/06 JO Alexis 2015,2015,428493
ABS/06 JO Flexi Force 2013 Mizar Operational Module,2013,476755.35
ABS/07 Flight Tracking Project,2014,93002.94
ABS/09 JO Meteor 2013,2013,37368.68
ABS/11 Air Border Focal Points 2011,2011,1032648.25
ABS/11 JO VEGA Children,2015,193619
ABS/11 Vega Children,2017,357656
ABS/11 Vega children 2016,2016,186632
ABS/12 Vega Children,2014,98590.45
ABS/13 Eurocup,2016,251372
Actions of common interest to support the implementation of the Basic Training Programme for European Standing Corps Category 1,2022,3263994.71
Baltic Sea Region Border Control Cooperation (BSRBCC),2021,99570.85
Basic training in relation to category 1 of the standing corps,2021,4192114.09
"Bul. Sv. Petra Cetinjskog 22, Podgorica, Montenegro",2021,7470.74
CFP/POST/01,2022,4591952
CFP/TRU/01,2020,4930843
CFP/TRU/01 4 essential Schengen compatible trainings delivery in the Western Balkan based on CCC and SQF,2019,56999.22
CFP/TRU/01 Course on application of coercive measures in carrying out specific missions related to the state border control,2019,59932.84
CFP/TRU/01 Development of communication skills in English language for border guards,2019,56290
CFP/TRU/01 Enhancing student learning motivation and ownership in border and coast guard education and training as part of the European border and coast guard organisational culture,2019,59311.9
"CFP/TRU/01 Increasing the efficiency of border police measures in the Western Balkan countries with ruegnigoanraylly unified, Schengen compatible, and harmonised training courses by developing a joint curriculum on profiling and screening",2018,56999.22
CFP/TRU/01 Intelligence enhancement training tool for the Romanian Border Police,2018,59548.6
CFP/TRU/01 Maritime Situational Awareness Course for Coast Guards,2019,49320.58
CFP/TRU/01 Safe use of firearms in border and coast guarding,2019,59579.4
CFP/TRU/01 Six Eusnsgeanrtyial Trainings for Border Guards,2018,56999.22
CFP/TRU/01 Staff mobility programme for best practice exchange between Hungarian and Romanian law enforcement - border guard - training institutions,2019,56999.22
"CFP/TRU/01 Study: The use of drones for border conrol - tactics, methodological recommendations, best practice",2018,56566.32
CFP/TRU/01 Training on electronic storage of data in electronic Machine Readable Travel Documents,2018,43435
CFP/TRU/01Together on EU-southeastern external border: efficiency with high ethical standards - land border surveillance training with implication on fundamental rights. An EU and non-EU training initiative.,2019,55500
CFP/TRU/03,2020,2276485.67
CGS/01  Baltic Sea Region Border Control Cooperation 2019,2019,70500
CGS/01 BSRBCC 2020,2020,110304.12
CGS/01 Multipurpose Operational Activities Sea,2021,14863
CGS/01 Technical Equipment,2019,547146
CGS/01/Heavy Technical Equipment,2021,1331118
CGS/01/Heavy Technical Equipment,2022,32588
CGS/01/Heavy Technical Equipment CGS MMO Black Sea,2020,478391
Copernicus/EUROSUR Fusion Services (EFS),2020,98371
Copernicus/EUROSUR Fusion Services (EFS),2022,21896.88
DMD DEPLOYMENTS OF 3RD COUNTRIES HR AND LIGHT TE,2022,18466.059999999998
DMD/01 Human resources and Light technical equipment,2022,57886346
Deployment of a full-time European Return Liaison Officer in a third country,2021,82691.16
ECRET/01,2020,2472472.88
ECRET/01,2022,44007599.57
ECRET/01 Return Support,2020,7579026.67
ECRET/01/EURLO,2020,233303.94
ECRET/02,2022,215091
ECRET/02 EURLO,2019,369513.84
ECRet/01,2018,1361404.98
ECRet/01,2020,18789905.7
ECRet/01,2021,45508751.63
ECRet/01 - RECAMAS,2019,420543.52
ECRet/01 - RECAMAS,2020,251459.7
ECRet/01 CRO,2019,12711.599999999999
ECRet/01 CRO to Albania,2018,36808
ECRet/01 CRO to Albania,2019,14723.2
ECRet/01 CRO to Georgia,2018,19821.75
ECRet/01 CRO to Georgia,2019,7623.75
ECRet/01 CRO to Montenegro,2019,2696.4
ECRet/01 FOA- R 2018,2018,540092.91
ECRet/01 Pre- return activities,2018,38075
ECRet/01 RO,2018,121492
ECRet/01 Return & Pre-return activities,2018,14848
ECRet/01 Return Support,2019,46179
ECRet/01-FOA- R 2018,2018,4367
ECRet/01-FOA- R 2018 including Return Operations,2018,16992052.15
"ECRet/01-FOA- R 2018 including Return Operations, Return Specialist, Identification Missions",2018,1095722
"ECRet/01-FOA- R 2018 including Return Specialist, Identification Missions",2018,1374142
ECRet/01-FOA- R 2018 including return and pre-return activities,2018,3355711
"ECRet/01-FOA- R 2018 including return operations, return interventions and return related activities",2018,78955.37
ECRet/01-FOA- R 2018-Consular Seminar in Poland with Sensitization Mission ni Belgium,2018,43194.02
ECRet/01-FOA- R-2018 including return and pre-return activities,2018,49816
ECRet/01-FOA-R 2019,2019,9430634.32
ECRet/01-FOA-R 2019 including return and pre-  return related activities,2019,4459985
ECRet/01-FOA-R 2019 including return and pre- return related activities,2019,43186900.99
ECRet/01-FOA-R 2019 including return and pre-return related activities,2020,262090.02
ECRet/01-Return Operations 2018 for the period of 15/10/2018- 31/01/2019,2018,101555
ECRet/01/ CRO to Montenegro,2020,2696.4
ECRet/01/ CROs to Georgia,2020,4879.2
ECRet/02,2022,1211586
FDU/01 Heavy Technical Equipment,2020,1622229
FDU/01 Human Resources,2019,58650240.43
FDU/01 Human Resources,2020,5000000
FDU/01 Human Resources and light  technical equipment,2021,136058
FDU/01 Human Resources and light technical equipment,2021,48511294.73
FDU/01 Human resources and Light technical equipment,2021,215027
FDU/01 Multipurpose Operational Activities LAND,2021,9352.87
FDU/01 Technical Equipment,2019,58960179.6
FDU/01 Technical Equipment,2020,452193
FDU/01/Heavy Technical  Equipment,2021,1488333
FDU/01/Heavy Technical Equipment,2020,13046227.66
FDU/01/Heavy Technical Equipment,2021,57796869.5
FDU/01/Heavy Technical Equipment Indalo,2021,558601
FDU/01/Heavy Technical Equipment Posedion,2021,254038
FDU/01/Heavy Technical Equipment Rapid Border Intervention,2020,1478878.04
FDU/01/Human Resources,2020,1223167.74
FDU/01/Human Resources/DNP,2020,607119
FDU/01/Human Resources/Heavy Equipment,2020,1204286.47
FDU/01/Human Resources/Heavy Technical Equipment,2020,3235566.12
FDU/01/Human Resources/Heavy Technical Technical Equipment,2020,31048934.75
FDU/01/Human Resources/Light Technical Equipment,2020,12929782.34
FDU/01/Human Resources/Light Technical Technical Equipment,2019,306646.26
FDU/01/Human Resources/Light Technical Technical Equipment,2020,33184202.72
FDU/01/Human Resources/SEF,2020,217952
FOA Western Balkans,2021,100868.9
FOA-R 2017,2018,6424948
FOA-R 2022 - PRE-RETURN ACTIVITIES,2022,34813
FOU/01/Heavy Technical Equipment,2022,67764716
FOU/Heavy Technical Equipment,2022,2610339
FSC-GR/Human Resources/Light Technical Equipment,2020,14568
FSC/01,2021,48022
FSC/01 FSC FIMO Deployment,2017,59721
FSC/01 FSC Support Officer Deployment,2016,315886
FSC/01 FSC Support Officer Deployment,2017,594919
FSC/01 Fusion Services,2015,84697
FSC/01 Human resources and Light  technical equipment,2021,133856
FSC/01 Human resources and Light technical equipment,2021,1784580
"FSC/01 Situational monitoring, deployment of GOs",2018,73570
FSC/02 - Frontex Support Officers FSC 2012,2012,251376.32
FSC/02 FSC FIMO Deployment,2017,93812
FSC/02 FSC Support Officer Deployment,2016,557495
FSC/02 FSC Support Officer Deployment,2017,381994
FSC/03 FSC Support Officer Deployment,2014,339909.02
FSC/03 FSC Support Officer Deployment,2015,529812
FSC/04 FSC Support Officer Deployment,2013,277142.74
FSC/04 FSC Support Officer Deployment 2013,2013,7966.15
FSC/Copernicus,2017,11654
FSC/Copernicus Eurosur Fusion Services Baltic Exercise,2017,56039
FSC/GA FSC FIMO Deployment,2018,1854152
FSC/GA FSC FIMO Deployment,2019,1626011
FSC/GA FSC FIMO Deployment,2020,1522293.52
FSC/GA FSC FIMO Deployment/Mas plane,2020,89725
FSC/GA FSC information Exchange Deployment,2020,48891
Financial Support Cat.2,2020,9194344
Flexible Operational Activity LAND (FOA - LAND),2021,19073.82
Frontex EUROSUR/Copernicus Fusion Services (EFS),2019,64919.78
Frontex EUROSUR/Copernicus Fusion Services (EFS),2020,47684
Heavy Technical equipment-RAPID Border intervention,2021,1184760
Implementation of the Extended Basic Training Programme for European Standing Corps Category 1,2022,6877162
JO Albania Sea 2022,2022,7225.71
JO FP Air 2022,2022,15817.81
JO Focal Points Air 2021,2021,8670.21
JO Focal Points Air 2022,2022,6319.42
JO Focal Points Land,2021,9192.37
"JO Focal Points Land, Air; FOA Land",2021,50691.25
JO Macedonia 2022,2022,138285
JO Serbia Land 2021,2021,30028.48
JO Serbia Land 2022,2022,62582.16
JO Terra 2022,2022,38028.87
JRO to Kosovo,2014,40641.9
Joint Operation Flexible Operational Activities,2021,37692.89
Joint Operation Flexible Operational Activities Western Balkans in Albania,2021,593901
Joint Operation Flexible Operational Activities Western Balkans in Albania,2022,596717.49
Joint Operation Flexible Operational Activities Western Balkans in Albania 2021,2021,593901
Joint Operation Flexible Operational Activities Western Balkans in Albania 2022,2022,701704.5
Joint Operation Serbia Land 2021,2021,345249.42
Joint Operation Serbia Land 2022,2022,353410.3
Joint Operations Albania Sea 2022,2022,13090.38
Joint Operations Focal Points AIR 2021 (JO FP - AIR),2021,33618.33
Joint Operations Focal Points AIR 2021 (JO FP - AIR) and Multipurpose Operational Activities LAND 2021 (MOA - LAND),2021,14426.66
Joint Operations Focal Points AIR 2022,2022,26447.19
Joint Operations Focal Points AIR 2022 (JO FP - AIR),2022,5336.09
Joint Operations Focal Points Air 2021 (JO FP AIR),2021,35425.56
Joint Operations Focal Points Air 2022,2022,107984.4
Joint Operations Focal Points Land 2021,2021,7335.92
Joint Operations Focal Points Land 2021 (JO FP Land) and Joint Operations Focal Points Air 2021 (JO FP Air),2021,36786.6
Joint Operations Moldova 2022,2022,587992.48
LBS/01 FOA,2016,9632968
LBS/01 FOA,2017,11984053
LBS/01 Flexible Operational Activities,2015,5095969
LBS/01 JO Focal Points 2011 Land,2011,2986005.77
LBS/01 JO Jupiter,2012,193037.54
LBS/01 JO Jupiter 2013,2013,150350.92
LBS/02 Flexible Operational Activities,2014,561890.1
LBS/02 Focal Points,2015,3011777
LBS/02 Focal Points,2017,3183873
LBS/02 JO Focal Points,2016,4046108
LBS/02 JO Neptune 2012,2012,126284.81
LBS/02 JO Neptune 2013,2013,165919.02
LBS/02 JO Poseidon Land 2011,2011,6829548.82
LBS/02 JO Poseidon Land 2011,2012,830212.1
LBS/02 and 2011/ROS/05,2011,44602.58
LBS/02 jO Poseidon Land 2011,2011,98543.2
LBS/03 Coordination Points,2015,310760
LBS/03 Coordination Points,2017,738575
LBS/03 Flexible Operational Activities,2014,133528.93
LBS/03 JO Coordination Points 2016,2016,493742
LBS/03 JO Eurocup 2012,2012,548425.05
LBS/03 PP Coordination Points,2011,29150.370000000003
LBS/04 FOA on Border Checks,2016,23660
LBS/04 Focal Points Land,2014,3374213.58
LBS/04 JO Focal Points 2012,2012,2725030.2
LBS/04 JO Focal Points 2012,2013,131620.16999999998
LBS/04 JO Focal Points 2013 Land,2013,3121656.72
LBS/04 JO Focal Points 2013 Land,2014,48117.47
LBS/05 Coordination Points,2012,54231.34
LBS/05 Coordination Points,2013,190678.01
LBS/05 Coordination Points,2014,216155.17
LBS/06 JO Neptune Phase I,2011,169274.62
LBS/06 JO Poseidon Land,2013,3344360.27
LBS/06 JO Poseidon Land,2014,6578.36
LBS/06 JO Poseidon Land 2012,2012,7221853.56
LBS/06 JO Poseidon Land 2012,2013,11316.96
LBS/06 Poseidon Land,2014,2640200.41
LBS/07 JO Jupiter 2011-Phase I,2011,402831.55
MMO Black Sea 2022,2022,8822
"MOA Air, MOA Land",2021,53268
MOA Black Sea 2022,2022,1104204
MOA Montenegro 2021,2021,8844.62
Maritime Operational Activities in  Montenegro 2021,2021,14507.06
Maritime Operational Activities in Montenegro 2021,2021,81308.23
Maritime Operational Activities in Montenegro 2022,2022,87484.27
Multipurpose Operational Activities AIR (MOA - AIR),2021,104157.01000000001
Multipurpose Operational Activities LAND (MOA - LAND),2021,17947.11
Multipurpose Operational Activities LAND (MOA - LAND) and Multipurpose Operational Activities AIR (MOA - AIR),2021,90132.51999999999
Multipurpose Operational Activities LAND 2021 (MOA - LAND),2021,48902.38
OPS/005 Hera,2008,8203939.29
OPS/01 EPN-Indalo 2011,2011,26861.76
OPS/01/Longstop,2008,118983.75
OPS/011 Hermes,2008,1240014.11
OPS/02/Ariadne 2008,2008,39211.11
OPS/03 -Jupiter,2009,902388.43
OPS/03 Atlas I,2008,107434.81999999999
OPS/03 Atlas II,2008,133485.06
OPS/03 Atlas III,2008,119299.88
OPS/04 - Focal Points 2009,2009,1996720.1
OPS/04 Nautilus,2008,7084281.09
OPS/05 - Neptune,2009,1060180.13
OPS/05 Hera 2008,2008,2148502.96
OPS/05 JO Hubble 2010,2010,215757.91
OPS/06 - Uranus,2009,382194.49
OPS/06 JO Meteor,2010,47834.17
OPS/06-Gordius,2008,102197.69
OPS/06-Gordius 2nd phase,2008,122366.3
OPS/07 - Poseidon 2008,2009,55013.9
OPS/07 Poseidon,2008,6062878.63
OPS/07 Poseidon 2008,2008,902965.4
OPS/07- Poseidon 2008,2008,8318.61
OPS/08/Zarathustra,2008,141410.79
OPS/09 - Saturn,2009,1323306.08
OPS/09 Air Border Focal Points 2010,2010,829437.57
OPS/10 - EPN Indalo 2009,2009,3306483.93
OPS/10 - EPN-Alpha,2009,23712.760000000002
OPS/10 - EPN-Focal Points 2009,2009,208007.22
OPS/10 - EPN-Hera 2009,2009,7905523.97
OPS/10 - EPN-Hermes 2009,2009,2011494.1
OPS/10 - EPN-Minerva 2009,2009,198121.26
OPS/10 - EPN-Nautilus 2009,2009,3861353.92
OPS/10 EPN-Hera 2010,2010,9834670.83
OPS/10 EPN-Hermes 2010,2010,3547915.3600000003
OPS/10 EPN-Hermes Extension,2011,3031622.22
OPS/10 EPN-Indalo 2010,2010,3771486.69
OPS/10 EPN-Minerva 2010,2010,359067.96
OPS/11 EPN-Euxine,2008,808487.5
OPS/11 EPN-Indalo 2008,2008,1417294.54
OPS/11 URSUS IV,2008,3687.65
OPS/12/Focal Points 2008,2008,516791.7
OPS/13/Heracles,2008,152059.28
OPS/14/LYNX,2008,71760.03
OPS/15 JRO to Nigeria,2010,388573.5
OPS/16 JO DRIVE IN 2008,2008,48431.520000000004
OPS/17 - Poseidon 2009,2009,12110297.12
OPS/17 JO Poseidon 2010 Sea,2010,14442376.18
OPS/17 JO Poseidon 2010 Sea,2011,6796.26
OPS/18 - Zeus 2009,2009,265710.43
OPS/18 Attica 2010,2010,936184.4299999999
OPS/18 Attica 2010,2011,142260.97
OPS/18 Zorba,2008,124381.94
OPS/19 JO Jupiter 2010 I phase,2010,276271.28
OPS/19 JO Jupiter 2010 II phase,2010,438139.58
OPS/19 JO Jupiter 2010 III phase,2010,146679.9
OPS/19 JO Jupiter 2010 IV Phase,2010,17493.35
OPS/19 JO Jupiter 2010 IV phase,2010,180405.84
OPS/20 - Mekong,2009,43619.280000000006
OPS/20 JO Neptune 2010 Phase I,2010,266495.15
OPS/20 JO Neptune 2010 Phase II,2010,351052.64999999997
OPS/20 JO Neptune 2010 Phase III,2010,249624.3
OPS/21 - Hammer 2009,2009,1344404.07
OPS/21 Focal Points 2010 Land,2011,1362.2
OPS/21 JO Focal Points Land 2010,2010,2098377.0100000002
OPS/21 KRAS,2008,275301.97000000003
OPS/22 - Hubble,2009,434500
OPS/22 JO Poseidon 2010 December,2011,130597.5
OPS/22 JO Poseidon Land 2010 Phase I,2010,334885.99
OPS/22 JO Poseidon Land 2010 Phase II,2010,1403479.27
OPS/22 JO Poseidon Land 2010 Phase II - Extension,2010,187867.08000000002
OPS/22 JO Poseidon Land 2010 Phase III,2010,367775.42
OPS/22 JO Poseidon Land 2010 Phase III-Extension,2010,161631.1
OPS/22 Silence 2008,2008,70287.11
OPS/22- Extended Family,2008,6907.92
OPS/23 - Air Border Focal Points 2009,2009,483689.62
OPS/23 Eurocup 2008,2008,356448.02
OPS/24 Joint Return Operation to Kosovo and Albania on 16 February 2010,2010,79227.02
OPS/25 Eurocup,2008,833826.95
OPS/25 Joint Return Operation to Georgia on 17 February 2010,2010,280120.22
OPS/26 JRO to Nigeria and Gambia on 3 March 2010,2010,395240.6
OPS/27 - Hammer 2008,2009,433340.65
OPS/27 Hammer,2008,1068869.72
OPS/27 Hammer 2008,2008,470939.88
OPS/27 JRO to Iraq on 24.02.2010,2010,178385.23
OPS/28 JRO to Nigeria on 18.03.2010,2010,305533.85
OPS/28 Minerva,2008,183122.18
OPS/29 JRO to Nigeria on 10.03.2010,2010,333315.73
OPS/30 JO MARS-UNITY 2010,2010,43904.58
OPS/31 JRO to Kosovo and Albania on 16 March 2010,2010,76907.15000000001
OPS/32 - JRO - MNG,2009,181802.16999999998
OPS/32 Focal Points,2008,82147.91
OPS/32 Focal Points 2008,2008,36008.25
OPS/32 JOR to Georgia and Armenia on 30 March 2010,2010,172470.88999999998
OPS/32 Joint Focal Points,2008,7594.4
OPS/33 - JRO - KOS & ALB,2009,183595.59999999998
OPS/33 JRO to Georgia,2010,88070.5
OPS/35 - AT - JRO-GEO,2009,54215
OPS/35 JRO-PAK,2008,609885
OPS/36 JRO-NGA-GMB,2008,569535.03
OPS/37 - JRO-NGA,2009,297978.16000000003
OPS/37 - Mercury,2009,146065.35
OPS/37 JRO to Kosovo,2010,163816.38
OPS/38 JRO to Nigeria,2010,270540.94
OPS/39 JRO to Nigeria,2010,198265.47
OPS/39-SE-Grant-JRO- MNG,2008,143832
OPS/40 - JRO-KOS-ALB,2009,88405.44
OPS/40 JRO to Georgia and Armenia,2010,135196.02
OPS/41 - JRO-NGA,2009,337332.81
OPS/41 JRO to Ecuador-Columbia,2010,524942.5499999999
OPS/41 Long overstayers 2008,2008,52300.24
OPS/42 - JRO-NGA,2009,174806.38999999998
OPS/42 JRO to Nigeria 23 September 2010,2010,147334.13
OPS/42 JRO-ECU/Col-DEC,2008,504308
OPS/43 - JRO-VNM,2009,387547.41000000003
OPS/43 JRO to Kosovo,2010,132344.16999999998
OPS/43 JRO-NL-NGA-DEC,2008,141702.5
OPS/44 - JRO-ARM-GEO-24-25 June 2009,2009,235833.72
OPS/44 - JRO-NGA,2009,99042.1
OPS/44 JRO to Nigeria,2010,330246.14
OPS/44-AT- JRO-NGA,2008,135753
OPS/45 - Good Will,2009,2237.7
OPS/45 - JRO-NGA,2009,62797.36
OPS/45 JRO to Iraq,2010,423342.44
OPS/46 - JRO - NGA & CAM,2009,119018.87
OPS/46 JRO-IT-WA- 1Q/2009,2008,176379.43
OPS/46 JRO-NL-WA- 2Q/2009,2008,281444.9
OPS/46 MELITA 2010,2010,44771.12
OPS/47 - JRO-ARM-GEO,2009,105842.23
OPS/47 JRO to Ukraine,2010,148004.91
OPS/48 - Attica,2009,45372.65
OPS/48 JRO to Georgia,2010,188270.58
OPS/49 - JRO-NGA-1-2-September 2009,2009,406868.52
OPS/49 JRO to Kosovo,2010,163008.66999999998
OPS/50 - JRO-KOS-ALB-8 Sept 2009,2009,117291.7
OPS/50 JRO to Georgia 28-29.09.2010,2010,98509.31
OPS/51 JRO to Kosovo and Albania on 11/08/2010,2010,133937.05
OPS/53 JO Hydra Extended 2010,2010,215960.28
OPS/54 - JRO to Nigeria and Gambia,2009,132779.11
OPS/54 JO Agelaus 2010,2010,217909.31
OPS/54 JO Agelaus 2010,2011,2607.32
OPS/55 - JRO to Mongolia 3/11/2009,2009,202428.2
OPS/56 JRO to Nigeria on 7-10.09.2010,2010,276467.69
OPS/56 JRO to Nigeria on 9-10.09.2010,2010,32650.89
OPS/57 JRO to Iraq 22 September 2010,2010,84077.14
OPS/57 JRO to Iraq 22-23.09.2010,2010,293089.48000000004
OPS/58 - JRO to Nigeria on 13-14 November 2014,2009,265657.23
OPS/58 JRO to Kosovo,2010,131413.98
OPS/59 - JRO to Nigeria,2009,112094.9
OPS/60 - JRO to Georgia,2009,278118.9
OPS/60 JRO to Nigeria and Cameroon,2010,303327.83
OPS/61 - JRO Kosovo & Albania,2009,77794.72
OPS/61 JRO to Nigeria,2010,69237.06
OPS/62 - JRO to Kosovo and Albania,2009,48500
OPS/62 JRO to Ukraine 26 October 2010,2010,141530.83
OPS/62 Joint Return Operation to Kosovo and Albania,2010,117428.11
OPS/63 - JRO to Nigeria and Gambia,2009,197330
OPS/63 Joint Return Operation Nigeria,2010,148298.97999999998
OPS/64 - JRO to Colombia and Ecuador,2009,485406.74
OPS/64 JRO to Colombia and Ecuador,2010,4891.92
OPS/65 JRO to Nigeria,2010,451957.68
OPS/66 - JRO West Africa,2009,264500
OPS/66 JRO Kosovo,2010,121564.04000000001
OPS/66 JRO to Nigeria and Cameroon,2010,102265.5
OPS/67 - JRO to Burundi,2009,303374.25
OPS/67 JRO to Burundi,2010,26360.5
OPS/67 JRO to Nigeria,2010,401639.77
OPS/67 JRO to Nigeria on 7/02/2011,2011,128887.06
OPS/68 JRO to Nigeria,2010,215607.6
OPS/68 JRO to Nigeria,2011,209831.27
OPS/69 JRO to Kosovo,2010,65192
OPS/69 JRO to Kosovo on 15.02.2011,2011,82870.02
OPS07 Poseidon 2008,2008,1200554
ORD/01 Human Resources,2018,58794968.64
ORD/01 Technical Equipment,2018,60855789
ORD/01 Technical Equipment,2019,962187
ORD/01 Technical Equipment (Liaison officers onboard home MS assets),2018,836098
ORD/01-CGS- BSRBCC,2018,94913.28
Operation AZUL 2022,2022,48096.2
Operation White Sea II,2022,45360
Ops/42 JRO to Nigeria 23 September 2010,2010,47361.840000000004
PRS/03-DACIA 2008,2008,59202.57000000001
PRU/01 - RABIT ExcerciseThrace 2009,2009,168515.43
PRU/01 - RABIT Excersise Vihorlat 2009,2009,98630.08
PRU/01 Rapid Border Intervention Exercise 2018,2018,15002
PRU/03 Intellcap Pilot Project,2010,21377.67
PRU/04 Acquisition of technical equipment,2016,12000
PRU/04 Rapid Intervention Exercise - REX 2015,2015,342019
PRU/04 Rapid intervention exercise - REX 2013,2013,193651.85
PRU/05 REX 2017,2017,679156
PRU/05 Rex 2014,2014,175841.52
PRU/06 Pilot project on acqusition of aerial surveillance services,2015,2079
PRU/07 Management of the technical equipment pool 2014,2014,1538.39
PRU/07 Rapid Border Intervention,2018,8808
PRU/07 Rapid Border Intervention Exercise 2018,2018,312672
PRU/09 - 2011/LBS/02 Rabit-Poseidon Land 2011,2011,1390453.85
PRU/09 RABIT 2010,2010,3326400.01
PRU/09 RABIT 2010,2011,1291866.07
RAU/02 - FISO 2009,2009,24488.64
RAU/06,2008,61176.58
RDU/03 Mixed crew proof of concept,2017,532943
RDU/06 Remote sending and detection technologies,2012,21087.27
RIU/01 Biometrics on the move,2019,47055
RIU/04/ENTRY-EXIT-SYSTEM,2020,181168.8
ROS/01 ATTICA 2012,2012,2333135.75
ROS/01 Attica,2013,1208771.88
ROS/01 Attica 2011,2011,1868653.49
ROS/01 Attica 2011,2012,2026.6
ROS/01 Attica 2013,2014,146321.08
ROS/01 Attica 2014,2014,1415149.5
ROS/01 Attica 2014,2015,145099
ROS/01 FOA-R 2015,2015,2744077
ROS/01&2014/LBS/04 Attica and Focal Points,2015,9161
ROS/02 Attica 2012,2012,10188.75
ROS/02 JRO to Nigeria,2013,41054.380000000005
ROS/05 JRO to Nigeria,2014,2331.37
ROS/06 JRO to Kosovo,2015,93503
ROS/06 JRO to Pakistan,2014,60760
ROS/06 JRO to Serbia,2012,59797.5
ROS/07 JRO to Georgia and Armenia on 17/01/2012,2012,121172.84
ROS/07 JRO to Kosovo,2014,143174.63
ROS/07 JRO to Nigeria,2015,310247
ROS/08 JRO to Bosnia- Herzegovina&Serbia,2015,117959
ROS/08 JRO to Colombia & Dominican Republic,2014,297663
ROS/08 JRO to DRC on 16-18.02.2011,2011,328109.51
ROS/08 JRO to Serbia,2012,124861.99
ROS/09 JRO to Albania&Georgia,2015,68846
ROS/09 JRO to Colombia,2013,322216.48
ROS/09 JRO to Georgia,2011,4787.9
ROS/09 JRO to Georgia on 22.02.2011,2011,177858.79
ROS/09 JRO to Pakistan,2014,60760
ROS/09 JRO to Serbia,2012,58135.34
ROS/10 JRO to Armenia & Georgia on 27/03/2012,2012,141735.52
ROS/10 JRO to Georgia,2013,111120.11
ROS/10 JRO to Kosovo,2015,140368
ROS/10 JRO to Pakistan,2014,61348.399999999994
ROS/10 JRO to Ukraine 30 March 2011,2011,142200.31
ROS/11 JRO to Colombia and Dominican Republic,2013,11997
ROS/11 JRO to Nigeria,2012,302331.54
ROS/11 JRO to Nigeria,2015,412191
ROS/11 JRO to Nigeria 1-4.03.2011,2011,391543.16000000003
ROS/11 JRO to Serbia,2014,57934.3
ROS/12 JRO to Iraq on 9-10.03.2011,2011,319180.81
ROS/12 JRO to Kosovo,2015,20276
ROS/12 JRO to Nigeria,2014,392773.71
ROS/12 JRO to Serbia,2012,165233.46
ROS/13 JRO to FYR of Macedonia and Serbia,2015,6263
ROS/13 JRO to Georgia,2013,57574.3
ROS/13 JRO to Kosovo,2014,158867.24
ROS/13 JRO to Nigeria on 27/09/2012,2012,8599.2
ROS/14 JRO to Georgia,2015,90461
ROS/14 JRO to Georgia 2015/ROS/15 JRO to Albania,2015,558
ROS/14 JRO to Nigeria,2012,243567.08
ROS/14 JRO to Serbia,2013,140620.32
ROS/14&2015/ROS/15 CJRO to Albania and CJRO to Georgia,2015,61428
ROS/15 CJRO to Albania,2015,101370
ROS/15 JRO to Nigeria,2013,198780.82
ROS/15 JRO to Nigeria on 30.03.-1.04.2011,2011,393704.54000000004
ROS/15 JRO to Ukraine and Georgia,2012,220313.45
ROS/16 JRO to Kosovo,2012,75919.40000000001
ROS/16 JRO to Kosovo,2015,116571
ROS/16 JRO to Kosovo on 12-13 April 2011,2011,138940.94
ROS/16 JRO to Nigeria,2014,341474.98
ROS/17 JRO to DR Congo,2014,9333.22
ROS/17 JRO to Kosovo,2013,122241.65
ROS/17 JRO to Nigeria,2015,305012
ROS/17 JRO to Nigeria 11 May 2011,2011,187257.02
ROS/18 JRO to Albania,2013,129137.52
ROS/18 JRO to Kosovo,2014,161929.18
ROS/18 JRO to Kosovo,2015,101345
ROS/18 JRO to Nigeria&Gambia,2011,448218.56
ROS/18 JRO to Uzbekistan,2012,205869.34
ROS/19 Collecting JRO to Albania,2014,99610.12
ROS/19 JRO to Albania,2015,46852
ROS/19 JRO to Armenia and Georgia,2013,221079.4
ROS/19 JRO to Nigeria 20.04.2011,2011,179301.81999999998
ROS/20 JRO to Georgia&Albania,2015,269533
ROS/20 JRO to Nigeria,2013,406352.3
ROS/20 JRO to Pakistan,2014,482264.12
ROS/20 JRO to Serbia,2011,109254.51000000001
ROS/21 JRO to FYROM and Serbia,2013,109488.26000000001
ROS/21 JRO to Nigeria,2014,370505.2
ROS/21 JRO to Nigeria & Ghana,2012,375767.57
ROS/21 JRO to Pakistan,2015,111174
ROS/22 JRO to Ecuador,2014,2108
ROS/22 JRO to Nigeria,2011,363791.92
ROS/22 JRO to Nigeria,2012,196089.8
ROS/22 JRO to Nigeria,2013,202625.13
ROS/23 JRO to Albania & Georgia,2014,311181.2
ROS/23 JRO to Ecuador & Colombia,2012,941.64
ROS/23 JRO to Kosovo,2011,101070.8
ROS/24 JRO Kosovo,2015,49730
ROS/24 JRO to DR of Congo,2013,43746.58
ROS/24 JRO to Serbia and FYR of Macedonia,2014,76193.65000000001
ROS/24 JRO to Ukraine and Georgia,2011,277794.51
ROS/25 JRO to Armenia and Georgia,2012,141366.56999999998
ROS/25 JRO to Nigeria,2014,272300.63
ROS/25 JRO to Nigeria,2015,324022
ROS/25 JRO to Serbia,2013,125259.2
ROS/26 JRO to Kosovo,2014,39071.97
ROS/26 JRO to Kosovo,2015,115967
ROS/26 JRO to Nigeria,2011,5705.1
ROS/26 JRO to Nigeria,2013,313635.54
ROS/26 Joint Operation to Kosovo,2012,149940.14
ROS/27 JRO to Colombia and Ecuador,2011,2322.5
ROS/27 JRO to Kosovo,2014,187973
ROS/27 JRO to Nigeria,2013,286165.93
ROS/27 JRO to Serbia and FYROM,2015,94145
ROS/27 JRO to Ukraine & Georgia,2012,284044.95
ROS/28 CJRO to Albania,2015,75226
ROS/28 JRO to FYROM and Serbia,2013,154398.16
ROS/28 JRO to Kosovo,2011,83657.12
ROS/28 JRO to Nigeria,2012,302077.48
ROS/28 JRO to Pakistan,2014,1233.8
ROS/29 JRO to Albania,2015,150444
ROS/29 JRO to Colombia & Ecuador,2013,322876.77999999997
ROS/29 JRO to Nigeria,2011,250767.12999999998
ROS/29 JRO to Serbia,2012,110441.19
ROS/30 JRO Kosovo,2015,104123
ROS/30 JRO to Iraq,2011,339870.53
ROS/30 JRO to Kosovo,2013,171000.06
ROS/30 JRO to Nigeria,2014,412975.7
ROS/31 JRO to Georgia,2014,118979.04
ROS/31 JRO to Nigeria,2012,403039.2
ROS/31 JRO to Nigeria&Cote d'Ivore,2015,409852
ROS/31 JRO to Serbia,2011,83509
ROS/31 JRO to Serbia,2013,102081
ROS/32 JRO to Albania&Kosovo,2015,106056
ROS/32 JRO to Kosovo,2012,139695.06
ROS/32 JRO to Nigeria,2011,296051.22000000003
ROS/32 JRO to Nigeria,2013,175477.3
ROS/32 JRO to Serbia&Bosnia- Herzegovina,2014,118117.92
ROS/33 JRO to Albania,2014,220679.23
ROS/33 JRO to DRC,2015,84302
ROS/33 JRO to Gambia,2012,198445.14
ROS/33 JRO to Nigeria and DRC,2011,198581.24
ROS/34 JRO to Albania,2013,197113.2
ROS/34 JRO to Democratic Republic of Congo,2014,30587.81
ROS/34 JRO to Georgia,2012,169164.41
ROS/34 JRO to Nigeria,2011,242493.91
ROS/35 JRO to Albania and Serbia,2014,102309.5
ROS/35 JRO to Nigeria,2012,294294.98
ROS/35 JRO to Nigeria,2013,210297.99
ROS/35 JRO to Russia,2015,78535
ROS/36 Collecting JRO to Georgia,2014,137299.32
ROS/36 JRO to Albania,2015,73006
ROS/36 JRO to Nigeria,2013,313071.7
ROS/36 JRO to Pakistan,2012,408174.32
ROS/36 JRO to Ukraine and Georgia,2011,205440.61
ROS/37 JRO to Kosovo,2011,119479.01999999999
ROS/37 JRO to Nigeria,2015,306895
ROS/37 JRO to Pakistan,2013,495393.53
ROS/37 JRO to Pakistan,2014,438522
ROS/37 JRO to Serbia,2012,82531.38
ROS/38 JRO to Georgia & Ukraine,2013,281110.73
ROS/38 JRO to Kosovo,2012,138231.63999999998
ROS/38 JRO to Kosovo,2014,84638.5
ROS/38 JRO to Kosovo,2015,130466
ROS/38 JRO to Nigeria,2011,212571.38
ROS/39 JRO to Albania&Georgia,2015,95602
ROS/39 JRO to Georgia,2013,121304.38
ROS/39 JRO to Serbia,2011,100914.54000000001
ROS/39 JRO to Serbia,2014,110848.1
ROS/40 JRO to Colombia & Ecuador,2013,317006
ROS/40 JRO to Georgia and Albania,2014,252713.49000000002
ROS/40 JRO to Georgia and Armenia,2011,93365.06
ROS/40 JRO to Kosovo,2015,102071
ROS/40 JRO to Serbia,2012,173192.98
ROS/41 JRO to DRC,2013,11498.6
ROS/41 JRO to Iraq,2011,191037.8
ROS/41 JRO to Kosovo,2014,39696.6
ROS/41 JRO to Kosovo,2015,64365
ROS/41 JRO to Nigeria,2012,419037.46
ROS/42 JRO to Albania,2013,121230.12
ROS/42 JRO to Georgia and Armecia,2012,210681.3
ROS/42 JRO to Kosovo,2015,120007
ROS/42 JRO to Nigeria,2014,407112.63
ROS/42 JRO to Pakistan,2011,537138.2000000001
ROS/43 JRO to Colombia and Dominican Republic,2011,455938.17000000004
ROS/43 JRO to Nigeria,2012,252557.16
ROS/43 JRO to Nigeria,2013,210501.93
ROS/43 JRO to Nigeria,2014,89250.64
ROS/43 JRO to Nigeria,2015,265079
ROS/43 JRO to Russia,2014,19663.68
ROS/44 CRJO to Albania,2015,2139
ROS/44 JRO to FYROM,2013,51000
ROS/44 JRO to FYROM,2014,12884.22
ROS/44 JRO to Kosovo,2011,125549.54999999999
ROS/44 JRO to Kosovo,2014,104698.78
ROS/44 JRO to Ukraine & Georgia,2012,214361.5
ROS/44 JRO to Ukraine & Georgia,2013,35953.83
ROS/45 Collecting JRO to Albania,2014,61200
ROS/45 Collecting JRO to Albania,2015,6227
ROS/45 JRO to Iraq,2011,185721.82
ROS/45 JRO to Kosovo,2015,109024
ROS/45 JRO to Nigeria,2013,3961.8
ROS/45 JRO to Serbia,2013,45900
ROS/45 JRO to Serbia,2014,39004.3
ROS/45 JRO to nigeria,2012,289626.04
ROS/45 JRO to nigeria,2013,40271.5
ROS/46 JRO to Albania,2013,71400
ROS/46 JRO to Albania,2014,40989.3
ROS/46 JRO to Bosnia&Herzegovina,2014,51000
ROS/46 JRO to Bosnia&Herzegovina,2015,7784
ROS/46 JRO to Nigeria,2011,284761.81
ROS/46 JRO to Nigeria,2012,252557.16
ROS/46 JRO to Nigeria,2013,78664.24
ROS/46 JRO to Pakistan,2015,255580
ROS/47 JRO to Armenia,2015,143004
"ROS/47 JRO to Lagos, Nigeria",2011,292095.65
ROS/47 JRO to Pakistan,2012,408174.32
ROS/47 JRO to Pakistan,2013,143644.94999999998
ROS/47 JRO to Ukraine&Georgia,2013,204000
ROS/47 JRO to Ukraine&Georgia,2014,37211.4
ROS/48 JRO to Albania,2015,119494
ROS/48 JRO to Armenia and Georgia,2011,65906
ROS/48 JRO to Colombia&Dominican Republic,2014,187674
ROS/48 JRO to Nigeria,2012,202769.2
ROS/48 JRO to Nigeria,2013,195864.6
ROS/48 JRO to Nigeria,2014,180760.4
ROS/49 JRO to Macedonia,2012,101776
ROS/49 JRO to Macedonia,2013,45533.02
ROS/49 JRO to Nigeria,2011,126522.6
ROS/49 JRO to Nigeria,2012,26190.02
ROS/49 JRO to Nigeria,2014,193800
ROS/49 JRO to Nigeria,2015,69940
ROS/49 JRO to Serbia&FYROM,2013,153000
ROS/49 JRO to Serbia&FYROM,2014,13359.5
ROS/50 JRO to Bosnia&Herzegovina,2013,45900
ROS/50 JRO to Bosnia&Herzegovina,2014,152747.27
ROS/50 JRO to Colombia and Ecuador,2011,489721.29
ROS/50 JRO to Nigeria,2015,315113
ROS/50 JRO tp Colombia and Ecudaor,2012,22659.64
ROS/51 JRO to Kosovo,2015,89297
ROS/51 JRO to Nigeria,2011,216278.78
ROS/51 JRO to Nigeria,2012,95513.63
ROS/52 CJRO to Georgia,2015,107123
ROS/52 JRO to Kosovo,2011,69632.9
ROS/52 JRO to Kosovo,2012,66176.42
ROS/53 JRO to Albania&Georgia,2015,8351
ROS/53 JRO to Serbia,2011,59302.9
ROS/53 JRO to Serbia,2012,26568.9
ROS/54 JRO to Kosovo,2015,165840
ROS/54 JRO to Ukraine&Georgia,2011,173560
ROS/54 JRO to Ukraine&Georgia,2012,85343.58
ROS/55 JRO to DRC,2015,171458
ROS/55 JRO to Nigeria,2011,126624.6
ROS/55 JRO to Nigeria,2012,168654.88
ROS/56 JRO to Nigeria,2015,218890
ROS/57 JRO to Nigeria,2015,327867
ROS/58 JRO to Armenia & Georgia,2015,218409
ROS/58 JRO to Nigeria,2012,265378.95999999996
ROS/59 JRO to Kosovo,2015,73383
ROS/60 JRO to Nigeria,2015,259702
ROS/61 CJRO to Serbia,2015,52765
ROS/62 JRO to Albania,2015,161458
ROS/63 JRO to Pakistan,2015,259524
ROS/64 JRO to Albania,2015,18086
ROS/65 JRO to Kosovo,2015,131030
ROS/66 JRO to Western Balkans,2015,228342
ROS/67 JRO to Georgia&Armenia,2015,182066
ROS/68 JRO to Kosovo,2015,100043
ROS/69 JRO to Nigeria,2015,46444
ROS/71 JRO to Albania and Former Yugoslav Republic of Macedonia,2015,65380
RSU/01,2016,1135857
RSU/01,2018,6751378.45
RSU/01 CJRO to Albania,2016,529860
RSU/01 CJRO to Albania,2017,18008
RSU/01 CJRO to Albania and FYRoMacedonia,2016,185718
RSU/01 CJRO to Albania and Georgia,2016,368
RSU/01 CJRO to Albania and Kosovo,2016,15633
RSU/01 CJRO to Albania and Pakistan,2016,47645
RSU/01 CJRO to Albania&FYROM,2016,1669
RSU/01 CJRO to Georgia,2016,370055
RSU/01 CJRO to Georgia,2017,3050
RSU/01 CJRO to Serbia and JRO to Kosovo,2016,159702
RSU/01 CRO,2018,5489.1
RSU/01 CRO to Albania,2017,2103456
RSU/01 CRO to Albania,2018,32062.55
RSU/01 CRO to Albania and Pakistan,2017,43694
RSU/01 CRO to Georgia,2017,244615
RSU/01 CRO to Georgia,2018,20591.1
RSU/01 CRO to Georgia and Kosovo,2017,175503
RSU/01 CRO to Kosovo,2017,3689
RSU/01 CRO to Montenegro,2018,2621.5
RSU/01 CRO to Serbia,2017,44170
RSU/01 CRO to Serbia and Albania,2017,46273
RSU/01 CRO to Serbia and RO to Nigeria,2017,69618
RSU/01 CRO to Ukraine,2017,2768
RSU/01 JRO Iraq,2016,188568
RSU/01 JRO Pakistan,2016,162750
RSU/01 JRO to Afghanistan,2016,146916
"RSU/01 JRO to Albaina, Armenia & Georgia, Serbia, FYR of Macedonia & Bosna & Herzegovina",2016,255954
"RSU/01 JRO to Albaina, Serbia & Georgia",2016,260591
RSU/01 JRO to Albania,2016,1366478
RSU/01 JRO to Albania,2017,436430
RSU/01 JRO to Albania & Ghana,2016,186631
"RSU/01 JRO to Albania & Kosovo, Albania & Serbia, and Kosovo",2016,352169
RSU/01 JRO to Albania and Alboania & Kosovo,2017,238565
RSU/01 JRO to Albania and Columbia and Dominican Republic,2016,9609
RSU/01 JRO to Albania and FYR of Macedonia,2016,105541
RSU/01 JRO to Albania and Georgia,2016,267741
RSU/01 JRO to Albania and Georgia,2017,285065
RSU/01 JRO to Albania and Kosovo,2016,249112
RSU/01 JRO to Albania and Kosovo,2017,54875
RSU/01 JRO to Albania and Nigeria,2017,61317
RSU/01 JRO to Albania and Pakistan,2016,136725
RSU/01 JRO to Albania and Pakistan,2017,153924
RSU/01 JRO to Albania and Serbia,2016,159542
RSU/01 JRO to Albania&Georgia,2016,835
RSU/01 JRO to Albania&Kosovo,2016,640954
RSU/01 JRO to Albania&Kosovo,2017,62520
RSU/01 JRO to Albania&Kosovo&Serbia,2017,215729
RSU/01 JRO to Albania&Serbia,2016,37286
"RSU/01 JRO to Albania, FYR of Macedonia, Bosnia & Herzegovina, India & Sri Lanka",2016,234341
"RSU/01 JRO to Albania, Kosovo and Macedonia",2016,360972
"RSU/01 JRO to Albania, Serbia, DRC and FYRoMcedonia",2016,131490
"RSU/01 JRO to Albia, Georgia, Colombia and Dominican Republic",2016,775608
RSU/01 JRO to Armenia,2016,79234
RSU/01 JRO to Armenia & Georgia,2016,166300
RSU/01 JRO to Armenia & Georgia,2017,27199
RSU/01 JRO to Armenia and Albania,2016,149772
RSU/01 JRO to Armenia and Georgia,2016,332558
RSU/01 JRO to Armenia on 26/07/2016,2016,11925
RSU/01 JRO to Armenia&Fyrom&Serbia,2016,297707
RSU/01 JRO to Armenia&Georgia,2016,254705
RSU/01 JRO to Armenia&Russia,2016,6788
"RSU/01 JRO to Armenia, Pakistan, Serbia nad FYROM",2016,140636
RSU/01 JRO to Bosnia&Herzegovina&Serbia,2016,149901
RSU/01 JRO to Colombia & Dominican Republic,2016,583450
RSU/01 JRO to Colombia & Dominican Republic and Armenia & Georgia,2016,867408
RSU/01 JRO to Colombia&Dominican Republic,2017,545694
RSU/01 JRO to DRC,2016,216510
RSU/01 JRO to Egypt and Sudan,2016,251376
RSU/01 JRO to FYR of Macedonia,2017,33973
RSU/01 JRO to FYR of Macedonia and Bosnia and Herzegovina,2016,6869
"RSU/01 JRO to FYR of Macedonia, Serbia, Albania, Kosovo",2016,462620
RSU/01 JRO to FYROMacedonia,2016,2108
RSU/01 JRO to FYROMacedonia and Tunisia,2016,155576
RSU/01 JRO to FYRoMacedonia,2017,108990
"RSU/01 JRO to FYRoMacedonia, Serbia, Armenia, Georgia and Kosovo",2016,306579
RSU/01 JRO to Former Yugoslavian Republic of Macedonia,2016,54624
RSU/01 JRO to Georgia,2016,81008
RSU/01 JRO to Georgia and Armenia,2016,131338
RSU/01 JRO to Georgia&Armenia,2016,139500
RSU/01 JRO to Georgia&Armenia,2017,383350
RSU/01 JRO to Ghana&Ivory Coast,2016,213150
RSU/01 JRO to Guinea and DR Congo,2016,268901
"RSU/01 JRO to Guinea and DR Congo, Albania and Serbia",2016,130146
RSU/01 JRO to Guinea&DR Congo,2016,3857
RSU/01 JRO to Guinea&DR Congo,2017,25023
RSU/01 JRO to India and Sri Lanka,2016,3280
RSU/01 JRO to Iraq,2016,545154
RSU/01 JRO to Kosovo,2016,1126420
RSU/01 JRO to Kosovo,2017,126104
RSU/01 JRO to Kosovo and Albania,2016,23042
RSU/01 JRO to Kosovo&Collecting JRO to Albania,2016,5592
RSU/01 JRO to Kosovo&Nigeria,2016,2438
RSU/01 JRO to Kosovo&Russia,2016,65486
"RSU/01 JRO to Kosovo, Albania and Serbia",2016,427119
"RSU/01 JRO to Kosovo, Albania, Montenegro and Nigeria",2016,346205
"RSU/01 JRO to Kosovo, Albania, Serbia, FYROM and CJRO to Georgia",2016,471510
"RSU/01 JRO to Kosovo, Georgia, Armenia",2017,153437
"RSU/01 JRO to Kosovo, Nigeria&Georgia",2016,5108
"RSU/01 JRO to Kosovo, Nigeria, Albania and Georgia",2017,213908
"RSU/01 JRO to Kosovo, Tunisia, Albania&Togo",2016,401370
"RSU/01 JRO to Kosovo,Georgia, Abania",2016,494689
"RSU/01 JRO to Kosovo,Nigeria&Pakistan",2017,173779
"RSU/01 JRO to Kosovo,Nigeria,Georgia&Armen ia",2017,224236
RSU/01 JRO to Lebanon,2016,144797
RSU/01 JRO to Macedonia,2016,16790
"RSU/01 JRO to Macedonia, Serbia&Pakistan",2016,202501
RSU/01 JRO to Moldova and Albania,2016,64947
RSU/01 JRO to Nigeria,2016,3472149
RSU/01 JRO to Nigeria,2017,1159383
RSU/01 JRO to Nigeria and Albania,2016,26591
RSU/01 JRO to Nigeria and Pakistan,2016,469350
RSU/01 JRO to Nigeria and to Armenia & Georgia,2016,22565
RSU/01 JRO to Nigeria&CJRO to Georgia,2016,122930
"RSU/01 JRO to Nigeria, Albania and Serbia",2016,183750
"RSU/01 JRO to Nigeria, Georgia&Armenia",2016,173367
RSU/01 JRO to Pakistan,2016,1709114
RSU/01 JRO to Pakistan,2017,424617
RSU/01 JRO to Pakistan and Kosovo,2016,96532
RSU/01 JRO to Russia,2016,191161
RSU/01 JRO to Russia,2017,76708
RSU/01 JRO to Russia and to Albania,2016,6140
RSU/01 JRO to Serbia,2016,220301
RSU/01 JRO to Serbia,2017,174611
RSU/01 JRO to Serbia and Albania,2016,181812
RSU/01 JRO to Serbia and Albania &Georgia&Armenia,2016,89737
RSU/01 JRO to Serbia and FYROM,2016,38320
RSU/01 JRO to Serbia and Kosovo,2016,265917
RSU/01 JRO to Serbia and Nigeria,2016,3173
RSU/01 JRO to Serbia&Albania,2016,4315
RSU/01 JRO to Serbia&FYROM,2017,75034
RSU/01 JRO to Serbia&FYROM&Georgia&Arme nia,2017,119034
"RSU/01 JRO to Serbia, Macedonia and Nigeria",2016,217732
RSU/01 JRO to Sri Lanka,2016,238825
RSU/01 JRO to Sri Lanka,2017,213662
RSU/01 JRO to Togo and Benin,2016,154261
RSU/01 JRO to Togo and Ghana,2017,146981
RSU/01 JRO to Ukraine and Kirgizstan,2017,212163
RSU/01 JRO to Ukraine and Kyrgyzstan and Afghanistan,2017,7798
"RSU/01 JROs to Albania, FYRON, Kosovo",2016,245877
"RSU/01 JROs to Albania, Serbia, Kosovo",2017,99358
RSU/01 JROs to Kosovo&Albania,2016,29672
"RSU/01 JROs to Kosovo, Albania and FYR of Macedonia.",2017,405798
"RSU/01 JROs to Tunisia, Egypt and Sudan",2016,1475600
"RSU/01 KOS, ALB, SER, FYR, RUS, NIG, PAK",2017,608823
RSU/01 NRO Germany,2017,1130362
RSU/01 NRO to Afghanistan,2016,94163
RSU/01 NRO to Afghanistan,2017,256971
RSU/01 NRO to Albania,2016,235610
RSU/01 NRO to Albania and FYR of Macedonia,2016,209790
"RSU/01 NRO to Albania,Afghanistan,Bosnia&He rcegovina,FYROM,Kosovo,Mold ova,Serbia,Russia&Tunisia",2017,392000
"RSU/01 NRO to FYR of Macedonia, Serbia, Kosovo, Albania, Gambia, Moldova",2016,501480
"RSU/01 NRO to FYR of Macedonia, Serbia, Kosovo, Albania, Tunisia, Bosnia & Herzegovina, Bangladesh, Afghanistan, Mali",2016,1568063
"RSU/01 NRO to FYR of Macedonia, Serbia, Kosovo, Albania, Tunisia, Bosnia & Herzegovina, Moldova, and Morocco",2016,381150
"RSU/01 NRO to FYR of Macedonia, Servia, Kosovo, Albania, Bosnia & Herzegovina, Afghanistan, Moldova, Tunisia and Russia",2017,1273913
RSU/01 NRO to FYROM,2017,298620
RSU/01 NRO to Former Yogoslavian Republic of Macedonia,2017,106575
"RSU/01 NRO to Former Yogoslavian Republic of Macedonia, Serbia,Kosovo, Albania,Bosnia&Herzegovina, Afghanistan,Moldova",2017,582980
RSU/01 NRO to Kosovo,2016,33673
RSU/01 NRO to Kosovo&Albania&Serbia&Georgia& Tunisia,2016,911550
RSU/01 NRO to Somalia,2016,150938
"RSU/01 NRO to Tunisia, Egypt&Sudan",2017,1717000
RSU/01 NRO to Turkey,2016,58743
RSU/01 NVRO to Iraq,2016,390174
RSU/01 National Return Operation to Afghanistan,2016,218709
"RSU/01 PAK, GEO, SER, ALB, KOS",2017,885500
RSU/01 RO,2018,16297630.15
RSU/01 RO to Afghanistan,2017,2174193
RSU/01 RO to Afghanistan & Kosovo,2017,445935
RSU/01 RO to Afghanistan and Russia,2017,84337
"RSU/01 RO to Afghanistan, Nigeria, Gambia",2017,312632
RSU/01 RO to Albania,2017,1633160
RSU/01 RO to Albania,2018,3925.55
RSU/01 RO to Albania & Georgia,2017,391230
"RSU/01 RO to Albania & Georgia, Russia and Albania",2017,128921
RSU/01 RO to Albania & Ukraine,2017,302694
RSU/01 RO to Albania / Kosovo / Pakistan,2018,111085.98
RSU/01 RO to Albania and FYR of Macedonia,2017,202020
RSU/01 RO to Albania and to Georgia/Armenia,2017,36113
"RSU/01 RO to Albania, Bosnia & Herzegovina, FYR of Macedonia, Kosovo, Moldova, Serbia, Armenia and Tunisia",2017,409857
"RSU/01 RO to Albania, Bosnia and Herzegovina, FYROM",2017,102699
"RSU/01 RO to Albania, Bosnia and Herzegovina, FYROM, Kosovo, Moldova, Macedonia, Serbia and Tunisia",2017,392070
"RSU/01 RO to Albania, CRO to Georgia",2017,173385
"RSU/01 RO to Albania, Pakistan",2017,11845
"RSU/01 RO to Albania. KOS, PAK, NIG, GHA",2018,18375.11
RSU/01 RO to Armenia&Georgia,2017,126074
RSU/01 RO to Azerbaijan,2017,44675
RSU/01 RO to Bosnia and Herzegovina,2017,24610
"RSU/01 RO to Bosnia and Herzegovina, Albania and Kosovo, CRO to Georiga, to Serbia",2017,241630
RSU/01 RO to Cameroon and Cote d'Ivoire,2017,225677
RSU/01 RO to Colombia and Dominican Republic,2017,7516
RSU/01 RO to Colombia and Peru,2017,1075217
"RSU/01 RO to Colombia, Dominicana Gambia",2017,462420
RSU/01 RO to Egypt&Sudan,2017,209056
RSU/01 RO to FYR of Macedonia and Pakistan,2017,96796
"RSU/01 RO to FYR of Macedonia, Serbia, Kosovo, Albania, Bangladesh, Bosnia & Herzegovina, Afghanistan, Moldova, Tunisia, Russia",2017,774745
RSU/01 RO to FYROM,2017,64307
"RSU/01 RO to FYRoMacedonia, Serbia, Kosovo, Albania, Bangladesh, Bosnia and Herzegovina, Afghanistan, Moldova, Tunisia, Russia",2017,542810
RSU/01 RO to Gambia,2017,187920
RSU/01 RO to Georgia,2017,282833
RSU/01 RO to Georgia,2018,2804.59
RSU/01 RO to Georgia & Armenia,2017,1883
RSU/01 RO to Georgia and Armenia,2017,145793
"RSU/01 RO to Georgia and Armenia, Nigeria and Gambia",2017,491534
RSU/01 RO to Georgia&Armenia,2017,29630
"RSU/01 RO to Georgia, Armenia, Nigeria, Gambia",2017,559506
"RSU/01 RO to Georgia/Armenia, Nigeria/Gambia",2017,149809
"RSU/01 RO to Georgia/Armenia, Pakistan, Nigeria/Gambia",2017,273622
RSU/01 RO to Ghana and DR Congo,2017,553501
RSU/01 RO to Guinea,2017,498383
RSU/01 RO to Guinea and DR Congo,2017,355657
"RSU/01 RO to Guinea, DR Congo",2017,516080
RSU/01 RO to Iraq,2016,188028
RSU/01 RO to Kosovo,2017,573074
RSU/01 RO to Kosovo & Lebanon,2017,148004
"RSU/01 RO to Kosovo , Albania, Georgia, Armenia, Egypt, Serbia and Montenegro",2017,274113
RSU/01 RO to Kosovo and Albania,2017,67297
RSU/01 RO to Kosovo and Georgia/Armenia,2017,156503
"RSU/01 RO to Kosovo, Albania, Nigeria, Georgia, Armenia, FYRoMacedonia, Serbia and Montenegro",2017,357932
"RSU/01 RO to Kosovo, Georgia and Albania",2017,132111
"RSU/01 RO to Kosovo, Nigeria and Albania",2017,175235
RSU/01 RO to Lebanon,2017,137651
RSU/01 RO to Moldova & Belarus,2018,122230.5
RSU/01 RO to Montenegro,2017,75
RSU/01 RO to Montenegro and Albania,2017,26825
RSU/01 RO to Montenegro and Pakistan,2017,5468
RSU/01 RO to Nigeria,2017,2320820
RSU/01 RO to Nigeria & Ghana,2017,326872
RSU/01 RO to Nigeria & Ghana,2018,96503.72
RSU/01 RO to Nigeria / Serbia / FYROM & CRO to Georgia,2017,264750
RSU/01 RO to Nigeria and Gambia,2017,222774
"RSU/01 RO to Nigeria, Egypt, Sudan, Tunisia",2017,1322445
"RSU/01 RO to Nigeria, Gambia",2017,181362
RSU/01 RO to PAK&ALB,2017,70815
RSU/01 RO to Pakistan,2017,3341823
RSU/01 RO to Pakistan and Kosovo,2017,423528
RSU/01 RO to Pakistan and to Nigeria,2017,13424
"RSU/01 RO to Pakistan and to Serbia, FYR of Macedonia and Kosovo",2017,211086
"RSU/01 RO to Pakistan, FYROM",2017,114137
RSU/01 RO to Russia,2017,97289
RSU/01 RO to Russia and Pakistan,2017,118917
"RSU/01 RO to SRB, FYROM & GEO",2018,426167.7
RSU/01 RO to Serbia and FYRoMacedonia,2017,80357
RSU/01 RO to Serbia and Montenegro,2017,75660
RSU/01 RO to Servia & Kosovo,2017,37878
RSU/01 RO to Sri Lanka,2017,74408
"RSU/01 RO to Tunisia, Sudan and Egypt",2016,648900
"RSU/01 RO to Tunisia, Sudan and Egypt",2017,721000
RSU/01 RO to Ukraine,2017,178024
"RSU/01 RO to Ukraine, Gambia, Kosovo and CRO to Serbia",2017,102587
RSU/01 ROs to Albania,2017,669380
RSU/01 ROs to Albania and Georgia,2017,220500
"RSU/01 ROs to Albania, Bosnia & Herzegovina, FYR of Macedonia, Kosovo, Moldova, Serbia, Armenia and Tunisia",2017,872652
"RSU/01 ROs to FYR of Macedonia, Serbia, Kosovo, Albania, Bosnia & Herzegovina, Afghanistan, Moldova, Tunisia, Russia",2017,883792
RSU/01 ROs to Kosovo and Serbia,2017,49220
"RSU/01 ROs to Nigeria & Ghana, and Pakistan",2017,125834
RSU/01 ROs to Serbia and Montenegro and to Russia,2017,105250
RSU/01 Return Operation to Albania,2017,53500
RSU/01 Return Operation to Nigeria,2017,139808
RSU/01 Return Operations to Nigeria,2017,282836
RSU/01 Return operations,2017,969961
RSU/01 to Albania,2016,68673
RSU/02,2016,21577
RSU/02 - FOA-R 2017,2017,174309
RSU/02 Deployment of Task Forces from Nigeria&Gambia,2017,138188
RSU/02 FOA,2016,183171
RSU/02 FOA & 2016/RSU/03 Poseidon Rapid Intervention/Readmission Activities,2016,43253
RSU/02 FOA Task Force from Mali to France,2016,5312
RSU/02 FOA in Return,2016,17513
"RSU/02 FOA, Task Force from Mali to Malta",2016,4455
RSU/02 FOA-R 2017,2017,35739
RSU/02 FOA-R from Ivory C. to Germany,2017,46355
RSU/02 RI FOA-R 2017,2017,284912
RSU/02-Pilot Project on Deployment NOR EURLO,2018,295726.83
RSU/03 EPN Poseidon,2016,1757528
RSU/03 EPN Poseidon,2017,42800
RSU/03 EPN Poseidon 2017/Readmission Activities,2017,57780
RSU/03 EPN Poseidon/Readmission Activities,2016,1980947
RSU/03 EPN Poseidon/Readmission Activities,2017,48631
RSU/03 JO Poseidon,2017,2858656
RSU/03 JO Poseidon 2017,2017,23113
RSU/03 JO Poseidon 2017/Readmission Activities,2017,89734
RSU/03 JO Poseidon/Readmission,2017,1232516
RSU/03 JO Poseidon/Readmission,2018,66493
RSU/03 Poseidon,2017,1760117
RSU/03 Poseidon Rapid Intervention,2016,135740
RSU/03 Poseidon Rapid Intervention/Readmission Activities,2016,4731768
SBS/01,2011,105312.20999999999
SBS/01 - EPN General 2011,2012,1795.16
SBS/01 - EPN General PP Reporting Tools,2011,14992.98
SBS/01 - EPN Indalo,2011,322332.76
SBS/01 EPN Aeneas 2011,2011,3990
SBS/01 EPN Aeneas 2011,2012,1546140.96
SBS/01 EPN General,2015,10209
SBS/01 EPN General 2016,2016,140371
SBS/01 EPN General 2016 - BSRBCC,2016,89547
SBS/01 EPN General-Reporting Tools-Reporting Staff Exchange,2012,28416.29
SBS/01 EPN-Aeneas 2011,2011,8420771.15
SBS/01 EPN-Aeneas 2011 4th Phase,2011,38769.95
SBS/01 EPN-Aeneas 2011 and EPN- Hermes 2011,2011,95901.94
SBS/01 EPN-Aeneas 2012,2012,2949822.69
SBS/01 EPN-General 2011,2011,19575.94
SBS/01 EPN-General 2011 Reporting Tools,2011,19728.27
SBS/01 EPN-General 2011 Reporting Tools - ICC Staff Exchange,2011,31013.15
SBS/01 EPN-General Pilot project Reporting Tools,2012,1443.15
SBS/01 EPN-General- BSRBCC seminars,2014,70554.55
SBS/01 EPN-Hera 2011,2011,3172987.73
SBS/01 EPN-Hera 2012,2012,2426035.09
SBS/01 EPN-Hermes 2012,2012,4049150.37
SBS/01 EPN-Hermes Extension,2011,11968788.93
SBS/01 EPN-Hermes Extension 2011,2012,991707.5900000001
SBS/01 EPN-Indalo,2011,6864255.34
SBS/01 EPN-Indalo 2012,2012,4804272.76
SBS/01 EPN-Minerva 2011,2011,597255.28
SBS/01 EPN-Minerva 2012,2012,763329.62
SBS/01 European Coast Guard Function Forum,2014,163553.75
SBS/01 JO EPN-Aeneas,2011,2856.19
SBS/01 JO Indalo Extension 2011,2011,18928.66
SBS/01 Mobile Operation Unit 2012,2012,110019.44
SBS/01 SBS General Portfolio 2017,2017,153284
SBS/02 - JO Poseidon Sea,2012,885739.54
SBS/02 EPN Hera,2016,915158
SBS/02 EPN-Hera,2014,928823.01
SBS/02 EPN-Hera 2015,2015,881769
SBS/02 Hera,2017,859636
SBS/02 JO Poseidon Sea 2012,2012,9520830.54
SBS/02 JO Poseidon Sea 2013,2013,6620047.21
SBS/02 JO Poseidon Sea 2013,2014,1712274.37
SBS/02 Poseidon Sea 2011,2011,11521526.28
SBS/03 EPN Indalo,2015,4894675
SBS/03 EPN Indalo,2016,2739889
SBS/03 EPN-Indalo,2014,3510384.17
SBS/03 Focal Points,2012,200192.54
SBS/03 Focal Points Sea 2011,2011,64390.8
SBS/03 Focal Points Sea 2011,2012,45076.35
SBS/03 Focal Points Sea 2013,2013,200571.61
SBS/03 Indalo 2017,2017,9291608
SBS/04 EPN Minerva 2016,2016,679047
SBS/04 EPN-Minerva,2014,555508.45
SBS/04 Minerva 2015,2015,422584
SBS/04 Minerva 2017,2017,974571
SBS/05 EPN-Hermes,2014,4174776.88
SBS/05 EPN-Hermes,2015,746
SBS/05 EPN-Triton,2015,38970041
SBS/05 EPN-Triton,2016,48690339
SBS/05 JO Triton 2017,2017,48731033
SBS/05 JO Triton 2017,2018,12743.7
SBS/06 EPN-Aeneas,2014,2048819.1
SBS/06 Focal Points,2015,421953
SBS/06 Focal Points Sea,2016,186441
SBS/06 Focal Points Sea 2017,2017,313687
SBS/07 EPN-Poseidon Sea,2015,18472942
SBS/07 EPN-Poseidon Sea 2016,2016,36052889
SBS/07 EPN-Poseidon Sea 2016,2017,780431
SBS/07 EPN-Poseidon Sea 2016 and 2017/SBS/07 Poseidon 2017,2016,450114
SBS/07 JO Poseidon 2017,2017,57101792
SBS/07 JO Poseidon 2017,2018,5056.82
SBS/07 Poseidon Sea,2014,7128485.8100000005
SBS/08 Focal Points,2014,267601.06
SBS/08 Poseidon Rapid Intervention,2015,3695587
SBS/08 Poseidon Rapid Intervention,2016,19883053
SBS/08 Poseidon Rapid Intervention & 2016/SBS/07 EPN Poseidon Sea 2016,2016,3032485
SBS/09 EPN-Triton,2015,55826
SBS/09 JO EPN Triton 2014,2014,9349284.07
SBS/P1/01 EPN General Staff Exchange - EPN mixed crew patrols,2013,5567.21
SBS/P1/01 EPN-General-EPN Staff Exchange,2013,47843.72
SBS/P1/02 EPN-Hera 2013,2013,1399601.09
SBS/P1/03 EPN-Indalo 2013,2013,4616572.43
SBS/P1/04 EPN-Minerva,2013,609755.35
SBS/P1/05 EPN-Hermes 2013,2013,7367560.77
SBS/P1/05 EPN-Hermes 2013,2014,1729964.71
SBS/P1/06 EPN-Aeneas 2013,2013,2547801.45
SBS/P1/06 EPN-Aeneas 2013,2014,1272273.76
"Support in the development of human  resources to secure Member States  contributions to the standing corps, in  relation to category 1 of the standing  corps",2021,120550.09999999999
"Support in the development of human  resources to secure Member States  contributions to the standing corps, in  relation to category 2 of the standing  corps",2021,437667
"Support in the development of human resources to secure Member States contributions to the standing corps, in relation to category 1 of the standing corps",2021,2139735.04
"Support in the development of human resources to secure Member States contributions to the standing corps, in relation to category 2 of the standing corps",2021,16833278.8
"Support in the development of human resources to secure Member States contributions to the standing corps, in relation to category 3 of the standing corps",2021,23188563.330000002
"Support in the development of human resources to secure Member States contributions to the standing corps, in relation to category 1 of the standing corps",2022,1220611.09
"Support in the development of human resources to secure Member States contributions to the standing corps, in relation to category 2 of the standing corps",2022,21282697.93
"Support in the development of human resources to secure Member States contributions to the standing corps, in relation to category 3 of the standing corps",2022,27277158.11
TRU/D3 Border Guard Interventions in Special Situations at the EU External Border,2017,39531
TRU/D3 Delivery of Seven Essential Trainings for Border Guards,2017,56999
TRU/D3 Development and delivery of a pre- deployment training course for maritime Frontex operations for European coast guards,2017,60000
TRU/D3 EUBG Course for Canine Teams in the field of General use,2017,60000
TRU/D3 EUBG Course for Canine Teams in the field of Product Scent,2017,59881
TRU/D3 Joint European Cross Border Cooperation Study Module (JECBCSM),2017,59967
TRU/D3 Profiling and 2nd Line Interview during Border Checks,2017,56836
TRU/D3 Search Mission Coordinator (SMC) and On- Scene Commander (OSC) courses for international use,2017,51933
TRU/D3 Seven Essential Trainings for Border Guards,2017,53696
TRU/E3 COASTEX17,2017,175149
TRU/UM Securing Europe's External Borders:EBCG,2016,117321
The engagement of technical equipment in Frontex EFS Exercise.,2022,238360
Themis deployment of technical equipment,2021,1633766
